ReferenceId,ReferenceEmail,ReferencePassword,ApplicationId
1,matheson.white@email.com,P4ssw0rd,20
2,terell.jenkins@email.com,P4ssw0rd,6
3,dashiell.torres@email.com,P4ssw0rd,13
4,percy.harris@email.com,P4ssw0rd,10
5,uther.lopez@email.com,P4ssw0rd,5
6,lindsay.cox@email.com,P4ssw0rd,18
7,rusty.myres@email.com,P4ssw0rd,18
8,rowland.adams@email.com,P4ssw0rd,16
9,melvon.perez@email.com,P4ssw0rd,14
10,jace.peterson@email.com,P4ssw0rd,5
11,darien.roberts@email.com,P4ssw0rd,22
12,ted.phillips@email.com,P4ssw0rd,17
13,ponce.brown@email.com,P4ssw0rd,9
14,amarie.wood@email.com,P4ssw0rd,11
15,jian.martinez@email.com,P4ssw0rd,4
16,denley.hughes@email.com,P4ssw0rd,10
17,noble.moore@email.com,P4ssw0rd,11
18,ciro.gomez@email.com,P4ssw0rd,7
19,northcliff.sanchez@email.com,P4ssw0rd,21
20,jax.bell@email.com,P4ssw0rd,8
21,bates.richardson@email.com,P4ssw0rd,11
22,gale.collins@email.com,P4ssw0rd,17
23,asuman.cook@email.com,P4ssw0rd,0
24,desmond.hill@email.com,P4ssw0rd,9
25,lucas.rogers@email.com,P4ssw0rd,15
26,acton.butler@email.com,P4ssw0rd,15
27,fran.edwards@email.com,P4ssw0rd,18
28,wiley.price@email.com,P4ssw0rd,19
29,alvan.campbell@email.com,P4ssw0rd,7
30,ekin_andy@email.com,P4ssw0rd,16
31,deonte.nelson@email.com,P4ssw0rd,21
32,h.matthews@email.com,P4ssw0rd,6
33,wealaworth.thompson@email.com,P4ssw0rd,8
34,jaycob.potter@email.com,P4ssw0rd,19
35,winwood.love@email.com,P4ssw0rd,4
36,aiken.heather@email.com,P4ssw0rd,20
37,vere.sanchez@email.com,P4ssw0rd,13
38,heaton.butler@email.com,P4ssw0rd,13
39,baby.torres@email.com,P4ssw0rd,13
40,paxton.cook@email.com,P4ssw0rd,16
41,hilario.hughes@email.com,P4ssw0rd,16
42,aston.lopez@email.com,P4ssw0rd,18
43,romy.wood@email.com,P4ssw0rd,18
44,sunny.white@email.com,P4ssw0rd,18
45,seger.brown@email.com,P4ssw0rd,17
46,mervyn.richardson@email.com,P4ssw0rd,17
47,quinten.cox@email.com,P4ssw0rd,17
48,ramon.roberts@email.com,P4ssw0rd,6
49,aethelbert.myers@email.com,P4ssw0rd,6
50,forrest.rogers@email.com,P4ssw0rd,6
51,kalin.collins@email.com,P4ssw0rd,5
52,jonni.martinez@email.com,P4ssw0rd,5
53,baron.phillips@email.com,P4ssw0rd,5
54,alwin.peterson@email.com,P4ssw0rd,8
55,rickie.edwards@email.com,P4ssw0rd,8
56,grant.adams@email.com,P4ssw0rd,8
57,morgana.price@email.com,P4ssw0rd,19
58,jami.harris@email.com,P4ssw0rd,4
59,nasario.hill@email.com,P4ssw0rd,18
60,twyford.jenkins@email.com,P4ssw0rd,21
