ReviewerId,ReviewerEmail,ReviewerPassword
1,abner.sanchez@email.com,P4ssw0rd
2,henderson.richardson@email.com,P4ssw0rd
3,laken.bell@email.com,P4ssw0rd
4,janis.collins@email.com,P4ssw0rd
5,oz.adams@email.com,P4ssw0rd
6,alvin.perez@email.com,P4ssw0rd
7,dewey.martinez@email.com,P4ssw0rd
8,art.cox@email.com,P4ssw0rd
9,sara.gomez@email.com,P4ssw0rd
10,carlisle.hughes@email.com,P4ssw0rd
11,isaias.brown@email.com,P4ssw0rd
12,ransom.jenkins@email.com,P4ssw0rd
13,aleksa.price@email.com,P4ssw0rd
14,ariel.myers@email.com,P4ssw0rd
15,conor.white@email.com,P4ssw0rd
16,nikko.peterson@email.com,P4ssw0rd
17,dirk.rogers@email.com,P4ssw0rd
18,cage.roberts@email.com,P4ssw0rd
19,rawdan.harris@email.com,P4ssw0rd
20,koi.torres@email.com,P4ssw0rd
21,jorell.moore@email.com,P4ssw0rd
22,howie.phillips@email.com,P4ssw0rd
23,lexi.lopez@email.com,P4ssw0rd
24,kori.edwards@email.com,P4ssw0rd
